[
    {
      "id": 1,
      "name": "Pratyaksh Sudan",
      "designation": "Architect",
      "email": "psudan@students.kennesaw.edu ",
      "phone": "+1-678-865-9828",
      "location": "Cumming, GA"
    },
    {
      "id": 2,
      "name": "Adetayo Adejuwon",
      "designation": "Designer",
      "email": "aadejuwon@students.kennsaw.edu",
      "phone": "+1-955-567-2345",
      "location": "Rosewell, GA"
    },
    {
        "id": 3,
        "name": "Shalaka Kaul",
        "designation": "Manager",
        "email": "skaul@students.kennesaw.edu ",
        "phone": "+1-678-865-9829",
        "location": "Rosewell, GA"
      },
      {
        "id": 4,
        "name": "Gayathri Sravathi Kuntla",
        "designation": "PO",
        "email": "skuntla@students.kennsaw.edu",
        "phone": "+1-955-567-2346",
        "location": "SandySprings, GA"
      }
    
    
  ]